l_english:
 acre.north_italian_language: "San Giovanni d'Acri"
 amasra.north_italian_language: "Amastris" 
 ayas.north_italian_language: "Laiazzo" 
 balat.north_italian_language: "Palatia"
 berat.north_italian_language: "Belgrado di Romania"
 brac.north_italian_language: "Brazza"
 brixen.north_italian_language: "Bressanone" 
 bruneck.north_italian_language: "Brunico"
 buzet.north_italian_language: "Pinguente"
 candia.north_italian_language: "Candia"
 cesme.north_italian_language: "Cesme"
 chania.north_italian_language: "La Canea"
 crikvenica.north_italian_language: "Cirquenizza"
 dubrovnik.north_italian_language: "Ragusa"
 dukagjini.north_italian_language: "Ducagini"
 durres.north_italian_language: "Durazzo"
 edremit.north_italian_language: "Adramittio"
 eregli.north_italian_language: "Penderachia"
 famagusta.north_italian_language: "Famagosta"
 florence.north_italian_language: "Firenze"
 foca.north_italian_language: "Focea"
 genoa.north_italian_language: "Genova"
 kaffa.north_italian_language: "Caffa"
 kavaje.north_italian_language: "Cavalli"
 knin.north_italian_language: "Tenin"
 krk.north_italian_language: "Veglia"
 kruje.north_italian_language: "Croia"
 kyrenia.north_italian_language: "Cerinia"
 lezha.north_italian_language: "Alessio"
 limassol.north_italian_language: "Limisso"
 makarska.north_italian_language: "Macarsca"
 mantova.north_italian_language: "Mantova"
 milano.north_italian_language: "Milano"
 morphou.north_italian_language: "Omorfo"
 naples.north_italian_language: "Napoli"
 novigrad.north_italian_language: "Novegradi"
 otocac.north_italian_language: "Ottocio"
 pag.north_italian_language: "Pago"
 paphos.north_italian_language: "Pafo"
 pazin.north_italian_language: "Pisino"
 pola.north_italian_language: "Pola"
 pontikokastro.north_italian_language: "Belveder"
 rethymno.north_italian_language: "Retimo"
 rijeka.north_italian_language: "Fiume"
 rome.north_italian_language: "Roma"
 rovinj.north_italian_language: "Rovigno"
 samsun.north_italian_language: "Simisso"
 senj.north_italian_language: "Segna"
 shkoder.north_italian_language: "Scutari"
 sibenik.north_italian_language: "Sebenico"
 sinj.north_italian_language: "Signo"
 sinop.north_italian_language: "Sinope"
 syracuse.north_italian_language: "Siracusa"
 siteia.north_italian_language: "Sitia"
 slano.north_italian_language: "Slano"
 smyrna.north_italian_language: "Smirna"
 split.north_italian_language: "Spalato"
 sterzing.north_italian_language: "Vipiteno" 
 theodoro.north_italian_language: "Tedoro" 
 trebizond.north_italian_language: "Trebisonda"
 trento.north_italian_language: "Trento"
 turin.north_italian_language: "Torino"
 venice.north_italian_language: "Venezia"
 zadar.north_italian_language: "Zara"
 #HBM
 crimea_area.north_italian_language: "Crimea"
 gothia_province.north_italian_language: "Sarsona"
 cafa_province.north_italian_language: "Caffa"
 or_qapi_province.north_italian_language: "Tafro"
 qirq_yer.north_italian_language: "Teotòchia"
 lusta.north_italian_language: "Alusta"
 qarasuvbazar.north_italian_language: "Bazar del Carasù"
 alupka.north_italian_language: "Alupca"
 yalta.north_italian_language: "Galita"
 baydar.north_italian_language: "Pettinia"
 bulganaq.north_italian_language: "Bulganaco"
 kalamita.north_italian_language: "Calamita"
 chersonesos.north_italian_language: "Sarsona"
 bakhchysarai.north_italian_language: "Salaccico"
 balaklava.north_italian_language: "Cembalo"
 crimean_mountains.north_italian_language: "Monti di Crimea"
 soldaia.north_italian_language: "Soldaia"
 vosporo.north_italian_language: "Vosporo"
 solkhat.north_italian_language: "Leucopoli"
 qamis_burun.north_italian_language: "Nimfa"
 qazan_tup.north_italian_language: "Cabo Cazano"
 phoullai.north_italian_language: "Fulia"
 kalay.north_italian_language: "Calai"
 kezlev.north_italian_language: "Giuslievi"
 aqmecit.north_italian_language: "San Cobado"
 jurchi.north_italian_language: "Ciurcì"
 or_qapi.north_italian_language: "Tafro"
 kurman.north_italian_language: "Curmano"
 lake_sasyk_syvash.north_italian_language: "Lago Sasìc Sivasc"
 syvash_lagoon.north_italian_language: "Sivasc"
 syvash_sand_bar.north_italian_language: "Barra di Arabatti"
 seyitler.north_italian_language: "Seïtleri"
 tana.north_italian_language: "Tana"
 berdiansk.north_italian_language: "Ipoli"
 taganrog.north_italian_language: "Cobardi"
 porto_pisano.north_italian_language: "Porto Pisano"
 shcherbinovka.north_italian_language: "Zaccaria"
 balzimachi.north_italian_language: "Balzimachi"
 akhtar.north_italian_language: "Pesa"
 copa.north_italian_language: "Copa"
 mapa.north_italian_language: "Mapa"
 susaco.north_italian_language: "Susaco"
 costa.north_italian_language: "Costa"
 pitsunda.north_italian_language: "Pezonda"
 anacopia.north_italian_language: "Nisoffia"
 chilia.north_italian_language: "Licostromo"
 cetatea_alba.north_italian_language: "Moncastro"
 isaccea.north_italian_language: "Vicina"
 tulcea.north_italian_language: "Toliccia"
 galati.north_italian_language: "Caladda"
 constanta.north_italian_language: "Constanza"
 enisala.north_italian_language: "Heraclea"
 oleshia.north_italian_language: "Ilisse"
 khadjibey.north_italian_language: "Ginestra"
 batumi.north_italian_language: "Lovati"