l_english:
 altamura.south_italian_language: "Jaltamure"
 andria.south_italian_language: "Iàndrie"
 bari.south_italian_language: "Bare"
 barletta.south_italian_language: "Barlétte"
 caltagirone.south_italian_language: "Cartaggiruni"
 chieti.south_italian_language: "Chjìte"
 corleone.south_italian_language: "Cunigghiuni"
 cotrone.south_italian_language: "Cutrone"
 foggia.south_italian_language: "Fògge"
 francavilla.south_italian_language: "Francaìdda"
 gaeta.south_italian_language: "Gaieta"
 gallipoliita.south_italian_language: "Caḍḍìpuli"
 isernia.south_italian_language: "Sèrnia"
 lanciano.south_italian_language: "Langiàne"
 larino.south_italian_language: "Larìne"
 lecce.south_italian_language: "Lècce"
 lucera.south_italian_language: "Lucére"
 martinafr.south_italian_language: "Marténe"
 mazara.south_italian_language: "Mazzara"
 modica.south_italian_language: "Muòrica"
 monopoli.south_italian_language: "Menòpele"
 naples.south_italian_language: "Napule"
 noto.south_italian_language: "Notu"
 palermo.south_italian_language: "Palemmu"
 pontikokastro.south_italian_language: "Belveder"
 sansevero.south_italian_language: "Sanzëvírë"
 sulmona.south_italian_language: "Sulmóne"
 syracuse.south_italian_language: "Saragusa"
 taranto.south_italian_language: "Tarde"
 teramo.south_italian_language: "Tèreme"
 trapani.south_italian_language: "Tràpani"
 vasto.south_italian_language: "lù Uàštë"
 #HBM
 crimea_area.south_italian_language: "Crimea"
 gothia_province.south_italian_language: "Sarsona"
 cafa_province.south_italian_language: "Caffa"
 or_qapi_province.south_italian_language: "Tafro"
 theodoro.south_italian_language: "Teodoro"
 qirq_yer.south_italian_language: "Teotòchia"
 lusta.south_italian_language: "Alusta"
 qarasuvbazar.south_italian_language: "Bazar del Carasù"
 alupka.south_italian_language: "Alupca"
 yalta.south_italian_language: "Galita"
 baydar.south_italian_language: "Pettinia"
 bulganaq.south_italian_language: "Bulganaco"
 kalamita.south_italian_language: "Calamita"
 chersonesos.south_italian_language: "Sarsona"
 bakhchysarai.south_italian_language: "Salaccico"
 balaklava.south_italian_language: "Cembalo"
 crimean_mountains.south_italian_language: "Monti di Crimea"
 kaffa.south_italian_language: "Caffa"
 soldaia.south_italian_language: "Soldaia"
 vosporo.south_italian_language: "Vosporo"
 solkhat.south_italian_language: "Leucopoli"
 qamis_burun.south_italian_language: "Nimfa"
 qazan_tup.south_italian_language: "Cabo Cazano"
 phoullai.south_italian_language: "Fulia"
 kalay.south_italian_language: "Calai"
 kezlev.south_italian_language: "Giuslievi"
 aqmecit.south_italian_language: "San Cobado"
 jurchi.south_italian_language: "Ciurcì"
 or_qapi.south_italian_language: "Tafro"
 kurman.south_italian_language: "Curmano"
 lake_sasyk_syvash.south_italian_language: "Lago Sasìc Sivasc"
 syvash_lagoon.south_italian_language: "Sivasc"
 syvash_sand_bar.south_italian_language: "Barra di Arabatti"
 seyitler.south_italian_language: "Seïtleri"
 tana.south_italian_language: "Tana"
 berdiansk.south_italian_language: "Ipoli"
 taganrog.south_italian_language: "Cobardi"
 porto_pisano.south_italian_language: "Porto Pisano"
 shcherbinovka.south_italian_language: "Zaccaria"
 balzimachi.south_italian_language: "Balzimachi"
 akhtar.south_italian_language: "Pesa"
 copa.south_italian_language: "Copa"
 mapa.south_italian_language: "Mapa"
 susaco.south_italian_language: "Susaco"
 costa.south_italian_language: "Costa"
 pitsunda.south_italian_language: "Pezonda"
 anacopia.south_italian_language: "Nisoffia"
 chilia.south_italian_language: "Licostromo"
 cetatea_alba.south_italian_language: "Moncastro"
 isaccea.south_italian_language: "Vicina"
 tulcea.south_italian_language: "Toliccia"
 galati.south_italian_language: "Caladda"
 constanta.south_italian_language: "Constanza"
 enisala.south_italian_language: "Heraclea"
 oleshia.south_italian_language: "Ilisse"
 khadjibey.south_italian_language: "Ginestra"
 batumi.south_italian_language: "Lovati"